measurement_id,geometry_id,x,y,z,var_r,var_z
19,1152922191801617152,9.17052746,-106.934479,-975.599976,0.000899999985,8.43614858e-37
20,1152922191801618176,61.309433,-77.046463,-976.799988,0.000899999985,8.43614858e-37
21,1152922191801620992,121.909752,25.1695786,-984.400024,0.000899999985,8.43614858e-37
22,1152922191801622784,-124.016014,35.6412659,-983.200012,0.000899999985,8.43614858e-37
23,1152922191801623296,-148.738525,-12.284709,-983.200012,0.000899999985,8.43614858e-37
24,1152922191801623296,-136.008698,-2.0119729,-983.200012,0.000899999985,8.43614858e-37
25,1152922191801623552,-148.954483,-12.3144236,-984.400024,0.000899999985,8.43614858e-37
26,1152922191801625856,9.22395325,-107.90934,-984.400024,0.000899999985,8.43614858e-37
27,1152922191801626112,9.20395279,-107.77951,-983.200012,0.000899999985,8.43614858e-37
28,1152922191801626624,142.171326,99.6943283,-984.400024,0.000899999985,8.43614858e-37
29,1152922191801628416,142.029968,99.5564117,-983.200012,0.000899999985,8.43614858e-37
30,1152922191801628928,70.0833893,141.55011,-983.200012,0.000899999985,8.43614858e-37
31,1152922191801629184,48.9559708,118.972969,-984.400024,0.000899999985,8.43614858e-37
32,1152922191801629184,60.8079796,134.317734,-984.400024,0.000899999985,8.43614858e-37
33,1152922329240568320,102.750092,21.377058,-836.799988,0.000899999985,8.43614858e-37
34,1152922329240570624,7.88627577,-91.4834671,-835.599976,0.000899999985,8.43614858e-37
35,1152922329240571648,52.2637939,-65.7137222,-836.799988,0.000899999985,8.43614858e-37
36,1152922329240572928,41.6989326,101.090538,-836.799988,0.000899999985,8.43614858e-37
37,1152922329240574464,103.751106,21.6015663,-844.400024,0.000899999985,8.43614858e-37
38,1152922329240574720,-35.7773018,166.866684,-843.200012,0.000899999985,8.43614858e-37
39,1152922329240574720,-28.7474194,152.136002,-843.200012,0.000899999985,8.43614858e-37
40,1152922329240576256,-108.174263,30.995779,-843.200012,0.000899999985,8.43614858e-37
41,1152922329240576768,-127.283173,-10.7800875,-843.200012,0.000899999985,8.43614858e-37
42,1152922329240576768,-117.31781,-1.67419016,-843.200012,0.000899999985,8.43614858e-37
43,1152922329240577024,-127.493744,-10.799715,-844.400024,0.000899999985,8.43614858e-37
44,1152922329240578816,-53.7385864,-143.43895,-844.400024,0.000899999985,8.43614858e-37
45,1152922329240580096,122.19294,85.3664551,-844.400024,0.000899999985,8.43614858e-37
46,1152922329240581888,122.015999,85.2852859,-843.200012,0.000899999985,8.43614858e-37
47,1152922329240582400,60.1251335,121.636169,-843.200012,0.000899999985,8.43614858e-37
48,1152922329240582656,42.0788155,102.023453,-844.400024,0.000899999985,8.43614858e-37
49,1152922329240582656,52.0848083,115.950523,-844.400024,0.000899999985,8.43614858e-37
50,1152922466679521792,87.2012558,18.2280312,-716.799988,0.000899999985,8.43614858e-37
51,1152922466679522304,-93.8548737,26.8350773,-716.799988,0.000899999985,8.43614858e-37
52,1152922466679522560,-107.732101,-9.32201385,-715.599976,0.000899999985,8.43614858e-37
53,1152922466679522560,-100.282539,-1.35999513,-715.599976,0.000899999985,8.43614858e-37
54,1152922466679524096,6.81361532,-78.2099533,-715.599976,0.000899999985,8.43614858e-37
55,1152922466679524864,44.4260902,-55.9279366,-715.599976,0.000899999985,8.43614858e-37
56,1152922466679525120,44.4911613,-56.0209846,-716.799988,0.000899999985,8.43614858e-37
57,1152922466679526144,35.7140045,86.4755325,-715.599976,0.000899999985,8.43614858e-37
58,1152922466679526144,44.1496773,99.0300064,-715.599976,0.000899999985,8.43614858e-37
59,1152922466679526400,35.7810402,86.5834503,-716.799988,0.000899999985,8.43614858e-37
60,1152922466679528192,-30.5716686,143.423691,-723.200012,0.000899999985,8.43614858e-37
61,1152922466679528192,-24.952282,130.407791,-723.200012,0.000899999985,8.43614858e-37
62,1152922466679530240,-108.913055,-9.42731762,-723.200012,0.000899999985,8.43614858e-37
63,1152922466679530496,-109.079361,-9.43478012,-724.400024,0.000899999985,8.43614858e-37
64,1152922466679532288,-46.7149086,-124.945366,-724.400024,0.000899999985,8.43614858e-37
65,1152922466679533568,104.984909,73.2174835,-724.400024,0.000899999985,8.43614858e-37
66,1152922466679535360,104.807953,73.1092072,-723.200012,0.000899999985,8.43614858e-37
67,1152922466679535872,51.6289024,104.55275,-723.200012,0.000899999985,8.43614858e-37
68,1152922466679536128,44.7048035,100.215065,-724.400024,0.000899999985,8.43614858e-37
69,1152922604118475264,74.2358551,15.6109524,-616.799988,0.000899999985,8.43614858e-37
70,1152922604118475776,-82.5022202,23.5812855,-616.799988,0.000899999985,8.43614858e-37
71,1152922604118476032,-92.4059448,-8.14358234,-615.599976,0.000899999985,8.43614858e-37
72,1152922604118476032,-86.9417267,-1.14339399,-615.599976,0.000899999985,8.43614858e-37
73,1152922604118477568,5.85659313,-67.2024307,-615.599976,0.000899999985,8.43614858e-37
74,1152922604118478080,89.4106216,62.1592216,-615.599976,0.000899999985,8.43614858e-37
75,1152922604118478336,37.9673271,-47.8328247,-615.599976,0.000899999985,8.43614858e-37
76,1152922604118478592,38.0340919,-47.9503365,-616.799988,0.000899999985,8.43614858e-37
77,1152922604118479616,30.7694454,74.3700256,-615.599976,0.000899999985,8.43614858e-37
78,1152922604118479616,43.9862022,89.2566223,-615.599976,0.000899999985,8.43614858e-37
79,1152922604118479616,38.0866051,85.8696518,-615.599976,0.000899999985,8.43614858e-37
80,1152922604118479872,30.8327217,74.5128326,-616.799988,0.000899999985,8.43614858e-37
81,1152922604118481664,-26.2722836,123.908455,-623.200012,0.000899999985,8.43614858e-37
82,1152922604118481664,-21.7394619,112.327118,-623.200012,0.000899999985,8.43614858e-37
83,1152922604118482688,-119.379295,100.835442,-623.200012,0.000899999985,8.43614858e-37
84,1152922604118485760,-40.8688889,-109.494568,-624.400024,0.000899999985,8.43614858e-37
85,1152922604118487040,90.624176,63.0900536,-624.400024,0.000899999985,8.43614858e-37
86,1152922604118488832,90.4577942,62.9531441,-623.200012,0.000899999985,8.43614858e-37
87,1224979236083730432,31.3833809,6.66433573,-285.942139,7.14905582e-06,0.000224999996
88,1224979236083731200,32.5466652,-2.98311377,-54.8165131,3.96257819e-05,0.000224999996
89,1224979236083731968,32.0260887,1.33416426,190.56282,5.51571793e-06,0.000224999996
90,1224979236083731968,32.0481262,1.15140593,216.862823,6.34873459e-06,0.000224999996
91,1224979236083732736,31.4755211,9.22872829,224.352234,4.57783281e-05,0.000224999996
92,1224979236083733760,32.7462997,6.97120428,-296.502625,8.01020506e-05,0.000224999996
93,1224979236083734272,26.412569,18.2230167,-178.339706,7.47172817e-06,0.000224999996
94,1224979236083735040,28.357193,14.7684078,6.37285185,9.53262258e-07,0.000224999996
95,1224979236083735040,26.564167,17.953701,68.7429581,5.98560109e-06,0.000224999996
96,1224979236083735296,26.1017933,18.7751045,78.0843124,1.1016682e-05,0.000224999996
97,1224979236083735552,27.6401253,16.0422745,208.180954,1.56391209e-07,0.000224999996
98,1224979236083736320,-23.6841106,-22.0340862,237.852356,2.17461838e-05,0.000224999996
99,1224979236083738368,-18.0845623,-26.4285622,-66.7953568,3.83222414e-06,0.000224999996
100,1224979236083738368,-25.4280605,-20.6654491,-34.8377991,4.40034382e-05,0.000224999996
101,1224979236083738624,-28.0161839,-18.6343136,17.016304,8.82321983e-05,0.000224999996
102,1224979236083738624,-28.189743,-18.498106,25.3161106,9.15863639e-05,0.000224999996
103,1224979236083738624,-19.5304413,-25.2938499,10.7481823,5.58297799e-08,0.000224999996
104,1224979236083738624,-20.0965023,-24.8496094,46.8682518,1.92891818e-07,0.000224999996
105,1224979236083738624,-25.6185837,-20.5159302,50.7629089,4.68387661e-05,0.000224999996
106,1224979236083738624,-21.7398586,-23.5599174,23.4098721,5.72530507e-06,0.000224999996
107,1224979236083739136,-17.2670135,-27.0701656,187.973618,8.54662539e-06,0.000224999996
108,1224979236083741696,-19.0731964,-27.8475132,-70.8980026,9.3310111e-05,0.000224999996
109,1224979236083741696,-11.1250687,-30.0703354,-109.937111,5.98715269e-06,0.000224999996
110,1224979236083741952,-12.1654272,-29.7793808,-49.7033157,1.18766384e-05,0.000224999996
111,1224979236083742208,-12.8992825,-29.5741463,22.911108,1.71766733e-05,0.000224999996
112,1224979236083742720,-6.44782591,-31.3784008,178.278458,4.4070739e-06,0.000224999996
113,1224979236083742720,-17.9471893,-28.1624184,196.692413,7.59156101e-05,0.000224999996
114,1224979236083744512,2.82915068,-31.8458252,-295.604034,8.86712883e-07,0.000224999996
115,1224979236083745280,2.34108377,-31.9046745,-83.8869629,1.9658944e-06,0.000224999996
116,1224979236083745792,-4.47177649,-32.7261658,70.2824554,5.76174971e-05,0.000224999996
117,1224979236083746048,4.70411301,-31.6197433,139.187454,6.89794319e-07,0.000224999996
118,1224979236083746304,-6.77605629,-33.0040131,180.405991,9.04030167e-05,0.000224999996
119,1224979236083746304,-3.40131474,-32.5970917,207.181076,4.43956269e-05,0.000224999996
120,1224979236083747072,10.0219069,-31.0290356,228.851852,3.5624591e-05,0.000224999996
121,1224979236083748864,13.5977879,-29.0161457,-107.021133,4.98095142e-06,0.000224999996
122,1224979236083748864,8.73293495,-31.7546082,-74.7158737,5.26628246e-05,0.000224999996
123,1224979236083748864,19.0260963,-25.9605083,-106.222511,1.28463716e-05,0.000224999996
124,1224979236083749120,8.68318462,-31.7826118,-68.5297546,5.33754028e-05,0.000224999996
125,1224979236083749376,17.9479332,-26.5674152,52.8574944,5.95553229e-06,0.000224999996
126,1224979236083749376,10.2309217,-30.9113789,65.071434,3.31342235e-05,0.000224999996
127,1224979236083749376,13.5153046,-29.0625744,33.7751999,5.38193444e-06,0.000224999996
128,1224979236083749376,13.8333673,-28.8835354,9.52885914,3.91994081e-06,0.000224999996
129,1224979236083749632,5.03119993,-33.8383446,147.754532,0.000114729752,0.000224999996
130,1224979236083749888,17.8800373,-26.6056328,160.288666,5.6072081e-06,0.000224999996
131,1224979236083749888,10.4123287,-30.8092632,217.473511,3.10377618e-05,0.000224999996
132,1224979236083749888,16.1480122,-27.5806046,187.292007,2.59425775e-07,0.000224999996
133,1224979236083750656,21.0638351,-24.9204292,292.706329,3.68206202e-05,0.000224999996
134,1224979236083751680,20.4137249,-25.7488155,-343.260468,4.88192927e-05,0.000224999996
135,1224979236083752448,25.2759018,-19.5533104,-88.3688965,4.36778116e-08,0.000224999996
136,1224979236083752448,24.3268871,-20.7625675,-87.523819,1.52047585e-06,0.000224999996
137,1224979236083752448,26.5508919,-17.9286842,-138.179474,4.58956492e-06,0.000224999996
138,1224979236083752448,19.6080093,-26.7754784,-108.270279,6.55728727e-05,0.000224999996
139,1224979236083752960,20.0293007,-26.238657,34.8436813,5.65671326e-05,0.000224999996
140,1224979236083752960,18.7980633,-27.8075294,54.8925781,8.42560985e-05,0.000224999996
141,1224979236083753472,18.7307091,-27.8933544,168.938141,8.58839921e-05,0.000224999996
142,1224979236083755776,27.9199467,-18.8141937,-143.432068,8.9201254e-05,0.000224999996
143,1224979236083756288,29.6536789,-12.6148977,-22.0279312,1.50128853e-05,0.000224999996
144,1224979236083756288,30.7314854,-8.76099396,-26.103487,2.26433983e-08,0.000224999996
145,1224979236083756800,30.8294487,-8.41070843,76.5596695,3.64754271e-08,0.000224999996
146,1224979236083758080,25.9294662,20.2719517,310.302765,5.16224754e-05,0.000224999996
147,1224979236083759360,27.5472736,19.0023098,-186.210785,7.93862637e-05,0.000224999996
148,1224979236083759616,25.7642727,20.4015923,-136.01564,4.90566381e-05,0.000224999996
149,1224979236083759616,24.9784184,21.0183258,-136.894608,3.76131466e-05,0.000224999996
150,1224979236083759872,24.8961163,21.0829144,-34.5593185,3.64905427e-05,0.000224999996
151,1224979236083760128,17.3481941,27.0064564,43.8121338,7.99710051e-06,0.000224999996
152,1224979236083760128,27.8035069,18.8012199,74.7699509,8.41800647e-05,0.000224999996
153,1224979236083760384,18.9047718,25.7848682,119.325851,9.65171239e-07,0.000224999996
154,1224979236083760384,27.0238552,19.4130859,80.1542587,6.99112497e-05,0.000224999996
155,1224979236083761408,16.0742607,28.6862125,269.011597,5.0046594e-05,0.000224999996
156,1224979236083761664,4.72501278,31.8602142,311.515747,1.40937509e-05,0.000224999996
157,1224979236083762688,12.3576765,29.7256165,-246.068314,1.31751794e-05,0.000224999996
158,1224979236083762944,14.3030472,29.1815624,-194.397232,2.9814606e-05,0.000224999996
159,1224979236083762944,12.844943,29.589344,-190.042191,1.67525959e-05,0.000224999996
160,1224979236083763712,5.26911068,31.7080479,21.0142441,1.04622568e-05,0.000224999996
161,1224979236083763712,9.21816158,30.603632,46.638176,3.5524107e-07,0.000224999996
162,1224979236083763712,18.0827675,28.1245022,48.412159,7.79432012e-05,0.000224999996
163,1224979236083763968,5.30368614,31.6983776,81.651268,1.0249064e-05,0.000224999996
164,1224979236083763968,20.2105503,27.5294342,128.68924,0.000112029629,0.000224999996
165,1224979236083764224,10.6453295,30.2045021,189.650574,3.93243045e-06,0.000224999996
166,1224979236083764992,-0.817064941,32.0884399,257.252899,8.02053273e-06,0.000224999996
167,1224979236083764992,-5.95882177,31.4684505,256.840332,4.05124911e-06,0.000224999996
168,1224979236083765248,4.84756851,32.7714767,319.769226,6.25836765e-05,0.000224999996
169,1224979236083766528,-6.52016115,31.4007645,-150.386658,6.44642341e-06,0.000224999996
170,1224979236083766528,-6.36537838,31.4194279,-174.489365,5.73171019e-06,0.000224999996
171,1224979236083767040,-3.95601201,31.7099476,-48.2515411,1.52392126e-08,0.000224999996
172,1224979236083767040,-1.73994935,31.9771595,-10.5903006,3.87234195e-06,0.000224999996
173,1224979236083767040,-5.1839571,31.5618839,-23.3890324,1.64717801e-06,0.000224999996
174,1224979236083767296,5.48019981,32.8477592,19.7753849,7.12970141e-05,0.000224999996
175,1224979236083767296,-4.01582718,31.7027359,41.827549,3.24023901e-08,0.000224999996
176,1224979236083767552,5.47672939,32.8473434,84.4194412,7.12480542e-05,0.000224999996
177,1224979236083767552,1.61461508,32.3816528,86.3959732,2.57066349e-05,0.000224999996
178,1224979236083768576,-6.28518963,33.1324615,271.061798,9.18864098e-05,0.000224999996
179,1224979236083770112,-6.80182171,32.8416443,-157.730972,8.29598503e-05,0.000224999996
180,1224979236083770112,-6.69341516,32.902668,-182.779205,8.48071068e-05,0.000224999996
181,1224979236083770624,-18.3193226,26.3583565,-59.8992958,8.04211049e-06,0.000224999996
182,1224979236083770624,-9.48295593,31.3324146,-23.3690357,4.24055834e-05,0.000224999996
183,1224979236083770624,-15.1296844,28.1538277,-10.0538912,3.45208235e-07,0.000224999996
184,1224979236083770624,-9.62791634,31.2508163,-27.1149235,4.05317478e-05,0.000224999996
185,1224979236083770624,-5.49399662,33.5778313,-22.6813202,0.00010612062,0.000224999996
186,1224979236083770880,-14.4044857,28.562048,12.6349583,1.87007879e-06,0.000224999996
187,1224979236083770880,-16.2759647,27.5085793,74.3323364,4.18747703e-07,0.000224999996
188,1224979236083770880,-17.8170433,26.6410942,16.4077473,5.2932387e-06,0.000224999996
189,1224979236083773696,-24.6443176,20.3580894,-160.492905,5.64274217e-07,0.000224999996
190,1224979236083774208,-27.3502083,16.9101791,-32.6850357,1.11712889e-05,0.000224999996
191,1224979236083774208,-20.3959064,25.7715187,-65.7302094,4.91680403e-05,0.000224999996
192,1224979236083774208,-19.092968,27.4317551,-63.0557137,7.72576968e-05,0.000224999996
193,1224979236083774464,-25.4501572,19.3312683,62.9064713,2.24600782e-07,0.000224999996
194,1224979236083774464,-18.6820488,27.9553585,18.0950527,8.70666699e-05,0.000224999996
195,1224979236083777280,-30.7442341,8.71541119,-160.143204,1.12451692e-08,0.000224999996
196,1224979236083777536,-29.5046654,13.1477242,-120.614098,1.91788477e-05,0.000224999996
197,1224979236083777792,-28.2900925,17.4906693,-34.1397324,6.92330941e-05,0.000224999996
198,1224979236083777792,-30.2802792,10.3743744,-65.8261642,2.95981636e-06,0.000224999996
199,1224979236083777792,-30.8743916,8.25000572,-0.51587677,1.20841847e-07,0.000224999996
200,1224979236083778048,-31.8682976,4.69610691,61.8391953,1.4301093e-05,0.000224999996
201,1224979236083778048,-30.2640228,10.432498,64.9015198,3.15695979e-06,0.000224999996
202,1224979236083778304,-28.7298298,15.9183016,105.323433,4.80885246e-05,0.000224999996
203,1224979236083779328,-31.3943539,-6.57332993,245.669586,6.70140616e-06,0.000224999996
204,1224979236083780608,-31.8303871,-2.9571836,-220.017014,6.7361816e-07,0.000224999996
205,1224979236083780864,-32.146595,-0.33476752,-204.949905,1.07651031e-05,0.000224999996
206,1224979236083781120,-31.4646091,-5.99068403,-81.9483795,4.17260117e-06,0.000224999996
207,1224979236083781376,-31.3885155,-6.62174463,-8.49828911,6.93779612e-06,0.000224999996
208,1224979236083781632,-32.7713547,4.84653091,61.0210381,6.2569743e-05,0.000224999996
209,1224979236083781888,-31.2516632,-7.75671148,109.699776,1.36101726e-05,0.000224999996
210,1224979236083782912,-32.8120193,-6.85445118,259.416321,8.20681307e-05,0.000224999996
211,1224979236083784704,-33.1113319,-6.3227272,-81.8854523,9.12275427e-05,0.000224999996
212,1224979236083784960,-32.7729416,-6.92387581,-7.10554171,8.08970217e-05,0.000224999996
213,1224979236083784960,-29.3668728,-12.9747229,-2.44371343,8.38487631e-06,0.000224999996
214,1224979236083785216,-26.682497,-17.7434902,16.9378452,4.93789321e-06,0.000224999996
215,1224979236083785216,-26.7839394,-17.5632782,23.0193901,4.11867586e-06,0.000224999996
216,1224979236083785472,-29.0649204,-13.511138,99.5740433,5.40259134e-06,0.000224999996
217,1224979236083785472,-32.1639366,-8.00576305,109.60408,6.3454514e-05,0.000224999996
218,1224979373522683136,67.8526382,2.77265596,419.852661,5.62787864e-06,0.000224999996
219,1224979373522683392,67.9149628,2.25579047,438.818573,6.7633805e-06,0.000224999996
220,1224979373522684416,68.9114456,-6.00835371,-100.192635,3.80054043e-05,0.000224999996
221,1224979373522686976,65.0353928,18.9278469,447.05545,9.87703288e-07,0.000224999996
222,1224979373522691840,-19.9921036,66.4313583,-65.3630905,4.30062573e-05,0.000224999996
223,1224979373522691840,-31.7204132,59.8293991,-1.51420867,5.713772e-07,0.000224999996
224,1224979373522692096,-30.8746243,60.3055,8.50506973,1.40499878e-06,0.000224999996
225,1224979373522692096,-19.9962711,66.4290085,17.3056831,4.2980424e-05,0.000224999996
226,1224979373522694912,-38.9476547,55.7817421,-145.586761,8.88470186e-06,0.000224999996
227,1224979373522695168,-41.8270493,53.3115807,-135.666748,1.72414138e-06,0.000224999996
228,1224979373522695424,-32.5102081,61.3042717,-1.08599985,4.34188696e-05,0.000224999996
229,1224979373522695680,-31.7324448,61.9714966,8.25955486,4.91242572e-05,0.000224999996
230,1224979373522695680,-37.9502945,56.637352,55.2404251,1.26217055e-05,0.000224999996
231,1224979373522695936,-35.0389404,59.1349335,96.9205322,2.70185556e-05,0.000224999996
232,1224979373522697984,-52.0699158,43.3040237,-293.650757,7.2299099e-07,0.000224999996
233,1224979373522698752,-43.0215378,54.8336906,-139.522842,5.09060264e-05,0.000224999996
234,1224979373522700544,-59.2777901,32.7868347,242.377426,1.17727188e-06,0.000224999996
235,1224979373522701568,-53.381794,44.421299,-300.06076,4.47936691e-05,0.000224999996
236,1224979373522702336,-57.6751671,35.9492645,-80.1448059,7.00395549e-06,0.000224999996
237,1224979373522703104,-54.5301781,42.1552124,116.417892,3.17843878e-05,0.000224999996
238,1224979373522703616,-65.1052551,18.5538883,-463.206024,2.18235989e-08,0.000224999996
239,1224979373522704128,-60.8831787,33.6507416,249.554459,4.76682981e-05,0.000224999996
240,1224979373522705408,-62.5426559,27.7169628,-223.376282,1.86514408e-05,0.000224999996
241,1224979373522705920,-64.1625519,21.9247093,-72.6890106,2.87682906e-06,0.000224999996
242,1224979373522706688,-64.1553879,21.9503345,139.533981,2.91677611e-06,0.000224999996
243,1224979373522707200,-66.4456482,18.9383106,-475.025177,3.59822989e-05,0.000224999996
244,1224979373522710016,-67.1285248,10.0115891,29.7307911,4.61885475e-06,0.000224999996
245,1224979373522710016,-66.5440292,17.6522675,28.7862644,2.97891493e-05,0.000224999996
246,1224979373522710784,-67.4527664,-6.08886814,-452.693207,8.08428808e-07,0.000224999996
247,1224979373522710784,-68.0857086,-0.839747727,-474.296417,1.03927014e-05,0.000224999996
248,1224979373522714368,-69.2030945,-6.19591951,-464.027985,4.56067828e-05,0.000224999996
249,1224979373522716672,-67.1424484,-12.4910002,-80.3350983,1.5688338e-05,0.000224999996
250,1224979373522717184,-66.6092529,-14.1198492,26.4073105,1.03532211e-05,0.000224999996
251,1224979373522717440,-65.7612839,-16.7103176,105.532532,4.09566246e-06,0.000224999996
252,1224979373522720512,-62.1629562,-27.5748692,-3.16248703,8.13015413e-06,0.000224999996
253,1224979373522721280,-61.6586342,-28.4707947,204.842346,5.76465163e-06,0.000224999996
254,1224979373522724096,-52.4622917,-42.8170357,-64.0725403,5.41798727e-07,0.000224999996
255,1224979373522724352,-56.5577774,-38.0430527,18.9178333,1.22476449e-05,0.000224999996
256,1224979373522724352,-56.9602127,-37.5739441,72.2628021,1.41944938e-05,0.000224999996
257,1224979373522724608,-52.7758064,-42.4515839,129.985168,9.00973816e-07,0.000224999996
258,1224979373522726400,66.7591019,19.4098701,458.469513,4.66783931e-05,0.000224999996
259,1224979373522727680,60.058857,31.3127804,-62.8386269,9.27246333e-07,0.000224999996
260,1224979373522729984,-50.384903,-46.5129051,463.984009,2.28266035e-05,0.000224999996
261,1224979373522731264,-53.7523956,-43.8701286,-65.4680786,4.32019151e-05,0.000224999996
262,1224979373522731520,-45.9404488,-50.0008736,16.0659695,5.42308726e-06,0.000224999996
263,1224979373522731776,-42.489048,-52.7095032,98.7819824,1.53270321e-07,0.000224999996
264,1224979373522731776,-54.1642838,-43.5468826,133.945221,4.60742522e-05,0.000224999996
265,1224979373522733312,-36.6742821,-57.3077507,431.820404,9.01146632e-06,0.000224999996
266,1224979373522734336,-38.8008423,-56.230072,-152.980759,1.62933975e-05,0.000224999996
267,1224979373522734848,-41.6258316,-54.7984543,-51.4447975,2.90302687e-05,0.000224999996
268,1224979373522735360,-43.4156342,-53.8914375,100.958252,3.87823457e-05,0.000224999996
269,1224979373522737408,-23.6479931,-63.6806107,-327.450775,6.16663374e-06,0.000224999996
270,1224979373522738432,-25.62813,-63.1268311,-66.6527939,1.14332761e-05,0.000224999996
271,1224979373522738944,-27.1333504,-62.7058716,87.1414948,1.64673147e-05,0.000224999996
272,1224979373522739968,-13.8148508,-66.8375854,225.503662,1.45454078e-05,0.000224999996
273,1224979373522740480,-6.84158278,-67.3710251,413.084106,5.55849795e-07,0.000224999996
274,1224979373522742272,-9.28792286,-67.1838837,48.6030197,3.34759579e-06,0.000224999996
275,1224979373522744064,-6.98953962,-69.0297546,422.910736,4.32113047e-05,0.000224999996
276,1224979373522745088,5.04822302,-67.5782471,-182.495926,1.85675788e-06,0.000224999996
277,1224979373522747136,10.1842451,-67.8975449,280.094177,2.50050525e-05,0.000224999996
278,1224979373522747904,20.2647476,-64.5977631,471.250214,1.37614151e-07,0.000224999996
279,1224979373522748672,18.3256454,-65.2325134,-158.621613,1.62315291e-06,0.000224999996
280,1224979373522748672,17.9128952,-65.3676224,-146.238113,2.14883084e-06,0.000224999996
281,1224979373522748672,5.16197872,-69.5415497,-187.891586,5.17942426e-05,0.000224999996
282,1224979373522751488,22.1368752,-65.2240448,480.651642,3.06158872e-05,0.000224999996
283,1224979373522751488,20.7071724,-66.0288391,481.641541,3.86726351e-05,0.000224999996
284,1224979373522752256,18.9108257,-67.0400162,-163.56131,4.99254129e-05,0.000224999996
285,1224979373522752512,28.3325233,-61.7364693,-104.572365,6.10382176e-06,0.000224999996
286,1224979373522752768,29.1163635,-61.2952385,-16.1536751,4.3073419e-06,0.000224999996
287,1224979373522753024,28.4970169,-61.6438751,60.3192902,5.70140537e-06,0.000224999996
288,1224979373522753536,22.0276527,-65.2855301,169.796387,3.12019438e-05,0.000224999996
289,1224979373522754560,37.9679146,-56.6222382,364.149811,1.25502474e-05,0.000224999996
290,1224979373522754560,34.8642883,-59.2847595,305.857513,2.80398708e-05,0.000224999996
291,1224979373522755840,40.0105972,-54.8698692,-180.243042,5.60509125e-06,0.000224999996
292,1224979373522756608,41.0841064,-53.9489326,54.0959892,3.04556215e-06,0.000224999996
293,1224979373522756864,38.0999222,-56.5089912,100.970284,1.20209752e-05,0.000224999996
294,1224979373522759680,51.7026901,-43.7719498,-123.124016,1.23979009e-06,0.000224999996
295,1224979373522762752,54.4579353,-42.2977715,-215.59726,3.25450419e-05,0.000224999996
296,1224979373522762752,56.7134247,-37.8470535,-255.069153,1.2773904e-05,0.000224999996
297,1224979373522763264,53.1229553,-44.9320679,-124.957329,4.79861119e-05,0.000224999996
298,1224979373522764800,55.9423637,38.7604218,-383.153809,9.53802646e-06,0.000224999996
299,1224979373522765312,59.5878639,34.5109749,320.690765,3.01581222e-05,0.000224999996
300,1224979373522765824,53.3609314,41.7695198,494.259521,1.81321275e-06,0.000224999996
301,1224979373522766336,52.0651627,43.2799606,-219.897873,2.17103874e-07,0.000224999996
302,1224979373522766592,53.053318,42.1280975,-191.837631,1.29443004e-06,0.000224999996
303,1224979373522767104,61.6347923,32.1249313,-66.2693787,4.6208268e-05,0.000224999996
304,1224979373522767104,51.608284,43.8125267,-39.5431061,2.40383677e-08,0.000224999996
305,1224979373522767616,55.089592,39.7544746,144.385498,6.32808542e-06,0.000224999996
306,1224979373522767872,56.3727226,38.2587662,213.152206,1.13986325e-05,0.000224999996
307,1224979373522770688,65.077095,-18.6545773,-6.9033246,3.76590705e-08,0.000224999996
308,1224979373522770944,62.8867416,-26.4866199,75.3565903,1.41975343e-05,0.000224999996
309,1224979373522774016,67.4426575,-5.90524149,-98.3676987,1.0864165e-07,0.000224999996
310,1224979373522774272,66.4378052,-19.0408611,-6.11620712,3.64982516e-05,0.000224999996
311,1224979373522775040,66.4772186,-18.5255852,154.629211,3.39384533e-05,0.000224999996
312,1224979373522776576,54.8834991,42.9824486,504.555878,5.12734587e-05,0.000224999996
313,1224979373522777088,53.2352066,44.2760124,-223.560852,3.97071526e-05,0.000224999996
314,1224979373522777344,54.5122261,43.273819,-194.7789,4.8560767e-05,0.000224999996
315,1224979373522777856,52.6659813,44.7227364,-39.7252083,3.60085505e-05,0.000224999996
316,1224979373522779392,40.716198,55.2594299,276.430939,2.45626306e-05,0.000224999996
317,1224979373522782208,37.1114502,57.0862045,167.730713,1.03401444e-05,0.000224999996
318,1224979373522782464,27.5048084,62.6019897,-439.219208,1.78426908e-05,0.000224999996
319,1224979373522782720,30.3958073,61.7934723,-422.998627,3.02714561e-05,0.000224999996
320,1224979373522783488,22.6774979,63.9520226,397.93277,4.16365947e-06,0.000224999996
321,1224979373522785792,19.4756012,64.8474884,161.062408,3.26908804e-07,0.000224999996
322,1224979373522788608,11.0427656,67.0496445,-16.591507,6.77632397e-06,0.000224999996
323,1224979373522789376,11.0105991,67.0521011,166.807922,6.7029282e-06,0.000224999996
324,1224979373522789376,19.8986206,66.3721848,166.16922,4.09380591e-05,0.000224999996
325,1224979373522790912,-1.45962334,68.0109634,468.861908,8.71116936e-06,0.000224999996
326,1224979373522792448,-4.03378487,67.7005692,23.8028011,3.28886358e-06,0.000224999996
327,1224979373522792704,3.33254004,68.5887985,110.753098,2.53267044e-05,0.000224999996
328,1224979373522793472,-13.305625,66.8757858,-371.286224,1.2888052e-05,0.000224999996
329,1224979373522794752,-13.9372749,66.669014,-330.534729,1.08983977e-05,0.000224999996
330,1224979373522795520,-8.35386562,68.4967041,-115.874039,3.37870879e-05,0.000224999996
331,1224979373522795776,-19.5418339,64.834404,-63.4806862,5.01098953e-07,0.000224999996
332,1224979373522795776,-8.24713039,68.5316467,-41.2786789,3.43353495e-05,0.000224999996
333,1224979373522795776,-10.4085846,67.8241119,-10.6639318,2.40113841e-05,0.000224999996
334,1224979373522796032,-19.5375824,64.8357925,15.3000698,5.03907415e-07,0.000224999996
335,1224979510961647104,32.8676834,110.191429,312.413147,2.52274403e-05,0.000224999996
336,1224979510961650432,18.3823757,113.350578,278.278015,2.28278095e-05,0.000224999996
337,1224979510961652480,18.3620548,113.350594,-65.7460251,2.27783912e-05,0.000224999996
338,1224979510961656320,-7.33807659,113.302139,67.8044205,2.7519377e-06,0.000224999996
339,1224979510961656576,5.3619976,114.833511,141.849548,2.47673452e-05,0.000224999996
340,1224979510961659136,-13.5677595,113.402534,-198.513718,1.3275845e-05,0.000224999996
341,1224979510961659136,-12.9493675,113.554413,-142.746292,1.45025924e-05,0.000224999996
342,1224979510961659904,-7.47196341,114.899651,69.3781891,2.75581006e-05,0.000224999996
343,1224979510961659904,-15.7897511,112.856819,5.09259367,9.29896851e-06,0.000224999996
344,1224979510961662976,-32.6395378,108.859055,-116.180748,4.4477988e-06,0.000224999996
345,1224979510961663488,-31.884182,109.144814,70.9793472,5.38680615e-06,0.000224999996
346,1224979510961666560,-33.1312714,110.621689,-118.2407,3.26011177e-05,0.000224999996
347,1224979510961670656,-52.9250908,101.204163,9.57972908,1.32165405e-05,0.000224999996
348,1224979510961670912,-58.1006889,97.6380463,124.558998,3.97908525e-06,0.000224999996
349,1224979510961673216,-69.7006226,89.6977234,-227.494308,3.63052504e-06,0.000224999996
350,1224979510961673216,-65.4766388,93.4335861,-255.460556,1.14233871e-05,0.000224999996
351,1224979510961674496,-59.0119858,99.1511993,125.655197,3.12026204e-05,0.000224999996
352,1224979510961674496,-63.7961655,94.9198685,104.926414,1.56833867e-05,0.000224999996
353,1224979510961676800,-70.7449265,91.0764313,-230.949234,3.0313382e-05,0.000224999996
354,1224979510961682176,-87.2392883,73.1614914,-465.44339,7.74059117e-06,0.000224999996
355,1224979510961685504,-89.2348175,70.2755966,181.031036,3.46758611e-06,0.000224999996
356,1224979510961688064,-96.2025681,60.6280136,-140.816635,5.4905554e-06,0.000224999996
357,1224979510961689088,-90.5618286,71.3538895,183.512299,2.98593804e-05,0.000224999996
358,1224979510961690368,-100.279968,55.2419891,426.032776,1.75735386e-05,0.000224999996
359,1224979510961690880,-103.864944,45.8127937,-351.720917,2.43979935e-06,0.000224999996
360,1224979510961693440,-107.71701,36.6492882,235.329788,6.55697113e-06,0.000224999996
361,1224979510961694464,-105.310974,46.3761749,-356.197723,2.64638347e-05,0.000224999996
362,1224979510961695232,-107.726654,36.610302,-81.4635925,6.50324637e-06,0.000224999996
363,1224979510961699328,-110.646317,29.147192,64.9305038,1.65232595e-05,0.000224999996
364,1224979510961702656,-113.351494,17.2796612,-12.3853502,2.02179108e-05,0.000224999996
365,1224979510961709568,-111.800362,-20.0913391,-78.2880936,3.5697642e-06,0.000224999996
366,1224979510961713152,-113.499596,-20.3727264,-78.1742325,3.01462933e-05,0.000224999996
367,1224979510961713664,-112.144371,-23.9551277,71.5344849,2.04227454e-05,0.000224999996
368,1224979510961713920,-110.29734,-28.8375835,100.132256,1.00617626e-05,0.000224999996
369,1224979510961715200,-103.224785,-47.2533875,338.809814,2.54418046e-06,0.000224999996
370,1224979510961716992,-103.682663,-46.3792038,-3.99887681,3.4406562e-06,0.000224999996
371,1224979510961722368,-104.657997,-47.9124413,343.419525,2.69746452e-05,0.000224999996
372,1224979510961724160,-105.227982,-47.0852127,-4.04797697,2.96710004e-05,0.000224999996
373,1224979510961728000,-94.3809891,-64.4054489,21.5003338,1.40646525e-05,0.000224999996
374,1224979510961728256,-95.3832855,-63.2722015,135.186218,1.71420234e-05,0.000224999996
375,1224979510961729280,-89.3504181,-72.2766037,237.042709,2.42318529e-05,0.000224999996
376,1224979510961731072,-88.6649628,-72.8848801,-103.481392,2.19899775e-05,0.000224999996
377,1224979510961735168,-77.2833633,-84.3891068,6.55597305,1.66632053e-05,0.000224999996
378,1224979510961735680,-71.1827469,-88.6075516,165.545578,4.63129754e-06,0.000224999996
379,1224979510961737728,-65.4123077,-93.6865082,-262.054688,1.40712991e-05,0.000224999996
380,1224979510961738240,-68.6017151,-92.0091934,-128.903122,2.1870399e-05,0.000224999996
381,1224979510961739264,-72.3206787,-90.0533905,168.220428,3.29298236e-05,0.000224999996
382,1224979510961745408,-42.7782135,-106.200966,-88.5026855,1.76322028e-05,0.000224999996
383,1224979510961746432,-45.1862793,-105.605309,170.070282,2.33607479e-05,0.000224999996
384,1224979510961747200,-23.2081928,-111.372452,284.916687,6.30280374e-06,0.000224999996
385,1224979510961753088,-15.9288378,-113.352615,19.5303173,1.72229011e-05,0.000224999996
386,1224979510961758720,98.5639648,56.7568779,457.480896,5.87141585e-06,0.000224999996
387,1224979510961759488,101.196602,52.936058,-152.82486,1.31914849e-05,0.000224999996
388,1224979510961762304,17.0462894,-112.548218,453.668091,7.35359527e-06,0.000224999996
389,1224979510961762560,8.717062,-114.593857,-312.428101,2.42539809e-05,0.000224999996
390,1224979510961766400,31.8151226,-109.170937,-277.580292,5.47706168e-06,0.000224999996
391,1224979510961766400,29.8571835,-109.911621,-240.871353,8.34029015e-06,0.000224999996
392,1224979510961768960,37.3322868,-108.421272,301.661743,2.03333366e-05,0.000224999996
393,1224979510961770496,46.2913895,-103.728661,-101.485039,3.53808946e-06,0.000224999996
394,1224979510961771264,47.3011093,-103.199783,94.1226654,2.4990959e-06,0.000224999996
395,1224979510961773056,57.934536,-97.7525253,450.356537,4.19347543e-06,0.000224999996
396,1224979510961774080,46.9676476,-105.308983,-101.357193,3.00635711e-05,0.000224999996
397,1224979510961774336,48.9782639,-103.923622,-49.8408813,2.36734704e-05,0.000224999996
398,1224979510961774848,47.9602547,-104.625053,95.2809525,2.68223575e-05,0.000224999996
399,1224979510961776640,58.8494797,-99.2949219,456.14386,3.1813579e-05,0.000224999996
400,1224979510961777152,66.8259277,-92.2402191,-275.535828,8.47406045e-06,0.000224999996
401,1224979510961778432,68.7408066,-90.5466232,79.4329681,5.0267704e-06,0.000224999996
402,1224979510961778688,63.7812042,-94.9330978,162.543503,1.57241775e-05,0.000224999996
403,1224979510961782784,89.5855789,-69.7683411,-368.937378,2.88933825e-06,0.000224999996
404,1224979510961784576,87.3117828,-73.0566559,-169.039261,7.55640713e-06,0.000224999996
405,1224979510961786368,90.8784027,-70.751915,-374.544617,2.80158183e-05,0.000224999996
406,1224979510961786368,95.1205597,-62.6854553,-403.007782,8.70929398e-06,0.000224999996
407,1224979510961796608,105.85997,-44.1567497,201.008804,2.08200945e-05,0.000224999996
408,1224979510961797376,92.1697998,66.9055481,229.500336,8.31335365e-06,0.000224999996
409,1224979510961797888,94.3267975,64.4667282,397.803345,1.39064987e-05,0.000224999996
410,1224979510961798656,88.8013153,70.7141571,-265.082947,2.39975861e-06,0.000224999996
411,1224979510961800960,110.354485,-31.5340881,251.075165,2.19119429e-05,0.000224999996
412,1224979510961803264,110.310699,-31.8921967,18.4048214,2.27811288e-05,0.000224999996
413,1224979510961806080,113.357986,-9.45589733,-155.59494,6.09594554e-06,0.000224999996
414,1224979510961809152,88.8303223,72.7381363,-331.514465,2.25216281e-05,0.000224999996
415,1224979510961809408,90.0320282,71.6717377,-267.607605,2.65596918e-05,0.000224999996
416,1224979510961810176,87.1162872,74.2591858,-46.1749039,1.72991258e-05,0.000224999996
417,1224979510961815552,62.7835846,95.0689545,325.527679,8.88076829e-06,0.000224999996
418,1224979510961816064,68.2140121,92.213089,473.746948,2.08370366e-05,0.000224999996
419,1224979648400619008,48.3957977,163.296646,489.526093,1.42540393e-05,0.000224999996
420,1224979648400622336,26.6851845,167.347626,408.193573,5.29030058e-06,0.000224999996
421,1224979648400623616,26.5118465,167.361771,-123.070343,5.15042348e-06,0.000224999996
422,1224979648400625920,26.920805,168.940781,412.055389,2.20556794e-05,0.000224999996
423,1224979648400627200,26.7816563,168.940903,-124.766327,2.18326204e-05,0.000224999996
424,1224979648400631808,7.63190269,170.111191,178.974747,1.389101e-05,0.000224999996
425,1224979648400638720,-12.0810366,169.20372,121.809059,7.10984659e-06,0.000224999996
426,1224979648400640768,-19.716671,169.141876,-300.927124,1.39416607e-05,0.000224999996
427,1224979648400641024,-17.9005661,169.587906,-268.83374,1.64634985e-05,0.000224999996
428,1224979648400642048,-20.7732773,168.88237,24.6123505,1.25664865e-05,0.000224999996
429,1224979648400642304,-12.2306595,170.980423,123.530968,2.55864888e-05,0.000224999996
430,1224979648400648448,-48.5080833,162.974945,-180.826889,1.13720498e-05,0.000224999996
431,1224979648400649472,-46.0592346,164.0159,139.57692,1.47033861e-05,0.000224999996
432,1224979648400656128,-79.3731613,149.706161,-3.32203531,5.12534371e-06,0.000224999996
433,1224979648400656384,-77.6127777,150.817322,22.8034306,6.91612013e-06,0.000224999996
434,1224979648400659712,-80.1566544,151.0896,-3.47702432,2.16787012e-05,0.000224999996
435,1224979648400659968,-78.4105225,152.399475,23.2414913,2.52863338e-05,0.000224999996
436,1224979648400660480,-87.1636658,145.833282,159.172699,9.86296072e-06,0.000224999996
437,1224979648400660992,-97.8556519,139.01886,-388.805603,1.10063056e-05,0.000224999996
438,1224979648400664064,-95.3328094,141.250168,165.22905,1.52303255e-05,0.000224999996
439,1224979648400665856,-104.049713,135.553055,-342.315002,2.01091116e-05,0.000224999996
440,1224979648400675584,-131.897079,106.332123,261.910126,4.85485134e-06,0.000224999996
441,1224979648400679168,-133.095001,107.355095,264.206207,2.12652758e-05,0.000224999996
442,1224979648400684032,-143.528275,91.6153488,-215.802994,1.38199848e-05,0.000224999996
443,1224979648400693760,-161.331863,54.3642921,353.019928,1.35053006e-05,0.000224999996
444,1224979648400695296,-161.310776,54.4671249,-92.2755966,1.36395347e-05,0.000224999996
445,1224979648400699648,-164.955963,43.0648804,109.437538,1.59944102e-05,0.000224999996
446,1224979648400702720,-168.030991,26.1351147,-62.2554779,1.14823852e-05,0.000224999996
447,1224979648400720384,-167.564713,-28.7488079,-75.7215958,1.10817546e-05,0.000224999996
448,1224979648400724736,-163.897491,-44.2815323,93.6177139,8.57797932e-06,0.000224999996
449,1224979648400724736,-167.046661,-35.957016,125.954742,2.00041613e-05,0.000224999996
450,1224979648400730112,-154.666779,-70.0078278,503.945496,8.56765928e-06,0.000224999996
451,1224979648400731392,-154.728699,-69.9003677,-5.10540295,8.69519317e-06,0.000224999996
452,1224979648400738816,-139.166687,-96.6929932,24.5259228,5.2771079e-06,0.000224999996
453,1224979648400739328,-141.095795,-94.3262787,210.348282,8.0279633e-06,0.000224999996
454,1224979648400740352,-131.500839,-106.987495,360.925507,5.95863366e-06,0.000224999996
455,1224979648400741632,-130.40535,-108.129929,-149.206223,4.67631935e-06,0.000224999996
456,1224979648400742400,-140.486191,-97.6171875,24.6636524,2.204868e-05,0.000224999996
457,1224979648400743936,-132.816895,-108.036102,364.754608,2.34456893e-05,0.000224999996
458,1224979648400745216,-131.595779,-109.119728,-150.51442,2.0819356e-05,0.000224999996
459,1224979648400749312,-114.417633,-125.35508,-4.74832964,8.02248451e-06,0.000224999996
460,1224979648400754432,-106.090088,-132.80574,247.38208,1.07139886e-05,0.000224999996
461,1224979648400757760,-98.372406,-139.169617,-395.47522,1.53935598e-05,0.000224999996
462,1224979648400759296,-100.545906,-138.026581,-223.376648,1.88973481e-05,0.000224999996
463,1224979648400765184,-66.0252304,-156.07634,267.358551,5.34727587e-06,0.000224999996
464,1224979648400768768,-66.6024399,-157.580765,270.234314,2.21115333e-05,0.000224999996
465,1224979648400770560,-63.1901817,-158.42482,-114.967888,1.67955641e-05,0.000224999996
466,1224979648400776192,-35.0792313,-166.662979,358.685486,1.42281597e-05,0.000224999996
467,1224979648400781568,-24.1177979,-168.943115,-15.4629526,1.77667098e-05,0.000224999996
468,1224979648400786176,13.0999613,-169.038986,-462.941864,6.17617252e-06,0.000224999996
469,1224979648400791552,150.599655,79.2253952,-261.079742,1.26932318e-05,0.000224999996
470,1224979648400793344,13.2314177,-170.734634,-467.614899,2.38419616e-05,0.000224999996
471,1224979648400800768,49.4297256,-162.583176,-423.107513,1.02248014e-05,0.000224999996
472,1224979648400802048,44.4157143,-164.714539,-357.237762,1.71661559e-05,0.000224999996
473,1224979648400805376,56.7967415,-160.988251,463.1203,1.83613229e-05,0.000224999996
474,1224979648400806400,67.0451355,-155.620331,-97.7245483,5.14723388e-06,0.000224999996
475,1224979648400809984,67.6412048,-157.111374,-97.5918121,2.18635396e-05,0.000224999996
476,1224979648400809984,71.9982376,-154.361221,-89.5463791,1.4351238e-05,0.000224999996
477,1224979648400810752,70.4666519,-155.327942,136.390152,1.68228962e-05,0.000224999996
478,1224979648400815104,99.1696777,-137.856689,-391.393921,9.06789228e-06,0.000224999996
479,1224979648400815360,94.8042221,-141.717667,237.407562,1.6197655e-05,0.000224999996
480,1224979648400817920,102.170753,-135.202408,110.270287,5.32850754e-06,0.000224999996
481,1224979648400821504,103.129265,-136.50975,111.169075,2.22008439e-05,0.000224999996
482,1224979648400827392,130.776382,-107.95285,-224.532059,6.50219772e-06,0.000224999996
483,1224979648400834560,132.098206,-109.0783,-226.270737,2.45173887e-05,0.000224999996
484,1224979648400844288,157.142838,-64.7309341,350.487549,1.04520504e-05,0.000224999996
485,1224979648400848128,162.643188,-47.9681015,366.575043,6.42349687e-06,0.000224999996
486,1224979648400849920,162.743378,-47.479454,47.7931366,5.98688121e-06,0.000224999996
487,1224979648400851712,164.291107,-48.5027428,370.189331,2.44003077e-05,0.000224999996
488,1224979648400853504,164.355957,-47.9723473,48.7050705,2.35084772e-05,0.000224999996
489,1224979648400859648,169.618713,-13.2790775,-225.707016,1.23842256e-05,0.000224999996
490,1224979648400861440,132.198334,106.260124,-461.316437,6.85420764e-06,0.000224999996
491,1224979648400862208,137.643433,100.581734,334.287567,1.59136598e-05,0.000224999996
492,1224979648400862976,132.536652,105.907318,-354.897766,7.31065165e-06,0.000224999996
493,1224979648400865024,133.575363,107.363045,-465.488159,2.51490292e-05,0.000224999996
494,1224979648400867584,129.429596,111.042023,-54.0740242,1.65200599e-05,0.000224999996
495,1297036830121656576,98.7388382,3.87197232,617.400024,0.000899999985,8.43614858e-37
496,1297036830121656576,96.7536926,3.16900826,617.400024,0.000899999985,8.43614858e-37
497,1297036830121656832,90.5613174,26.2520847,616.200012,0.000899999985,8.43614858e-37
498,1297036830121657856,-69.6063995,-13.862114,616.200012,0.000899999985,8.43614858e-37
499,1297036830121658368,-68.4443054,-62.885807,616.200012,0.000899999985,8.43614858e-37
500,1297036830121658624,-51.5523949,-80.2584152,617.400024,0.000899999985,8.43614858e-37
501,1297036830121659136,-10.1329689,-101.879463,617.400024,0.000899999985,8.43614858e-37
502,1297036830121659392,28.1975613,-82.9406128,616.200012,0.000899999985,8.43614858e-37
503,1297036830121659392,26.0687809,-84.7633286,616.200012,0.000899999985,8.43614858e-37
504,1297036830121660160,46.9096146,-55.6870995,616.200012,0.000899999985,8.43614858e-37
505,1297036830121660928,71.5328217,56.0521011,616.200012,0.000899999985,8.43614858e-37
506,1297036830121661184,36.3889847,64.7665482,617.400024,0.000899999985,8.43614858e-37
507,1297036830121661440,9.45650482,65.3981094,616.200012,0.000899999985,8.43614858e-37
508,1297036830121661440,35.4501572,99.27108,616.200012,0.000899999985,8.43614858e-37
509,1297036830121661696,9.49184418,65.5192566,617.400024,0.000899999985,8.43614858e-37
510,1297036830121661696,-1.73107851,93.1906204,617.400024,0.000899999985,8.43614858e-37
511,1297036830121661952,-14.0689774,73.5456772,616.200012,0.000899999985,8.43614858e-37
512,1297036830121664512,-144.285172,79.1080093,622.599976,0.000899999985,8.43614858e-37
513,1297036830121668096,23.904232,-156.248505,623.799988,0.000899999985,8.43614858e-37
514,1297036830121668608,145.706192,83.4379578,622.599976,0.000899999985,8.43614858e-37
515,1297036830121668608,140.339355,96.6265564,622.599976,0.000899999985,8.43614858e-37
516,1297036830121668864,63.4448166,-94.9266815,623.799988,0.000899999985,8.43614858e-37
517,1297036830121668864,85.898941,-143.79718,623.799988,0.000899999985,8.43614858e-37
518,1297036830121670656,89.0830841,119.985214,622.599976,0.000899999985,8.43614858e-37
519,1297036830121671168,35.8204765,100.271187,622.599976,0.000899999985,8.43614858e-37
520,1297036967560610304,105.607498,30.5498581,716.200012,0.000899999985,8.43614858e-37
521,1297036967560611328,-79.9491806,-15.7246485,716.200012,0.000899999985,8.43614858e-37
522,1297036967560611840,-80.361496,-73.6362228,716.200012,0.000899999985,8.43614858e-37
523,1297036967560612096,-59.5840569,-92.6245041,717.400024,0.000899999985,8.43614858e-37
524,1297036967560612864,32.7393265,-95.9873123,716.200012,0.000899999985,8.43614858e-37
525,1297036967560612864,30.0286121,-98.7107162,716.200012,0.000899999985,8.43614858e-37
526,1297036967560613632,54.8494225,-65.2504196,716.200012,0.000899999985,8.43614858e-37
527,1297036967560614400,86.3896942,67.7904205,716.200012,0.000899999985,8.43614858e-37
528,1297036967560614656,42.2568741,75.1661682,717.400024,0.000899999985,8.43614858e-37
529,1297036967560614912,10.978879,76.4030151,716.200012,0.000899999985,8.43614858e-37
530,1297036967560615168,11.0134268,76.5082932,717.400024,0.000899999985,8.43614858e-37
531,1297036967560615424,-16.3547688,85.1858521,716.200012,0.000899999985,8.43614858e-37
532,1297036967560616192,115.350266,4.46053076,723.799988,0.000899999985,8.43614858e-37
533,1297036967560616192,113.965973,3.63410807,723.799988,0.000899999985,8.43614858e-37
534,1297036967560619264,106.757378,30.8862133,723.799988,0.000899999985,8.43614858e-37
535,1297036967560620032,-81.2618942,-74.4126511,723.799988,0.000899999985,8.43614858e-37
536,1297036967560620544,-60.0910759,-93.3769226,723.799988,0.000899999985,8.43614858e-37
537,1297036967560621056,-11.761919,-119.880386,723.799988,0.000899999985,8.43614858e-37
538,1297036967560621312,-11.7633066,-119.682587,722.599976,0.000899999985,8.43614858e-37
539,1297036967560622336,73.2344589,-109.667465,723.799988,0.000899999985,8.43614858e-37
540,1297036967560623872,87.4954071,68.6843872,723.799988,0.000899999985,8.43614858e-37
541,1297036967560624128,103.1166,138.636398,722.599976,0.000899999985,8.43614858e-37
542,1297036967560624640,41.740696,116.442734,722.599976,0.000899999985,8.43614858e-37
543,1297036967560625152,-1.87139237,111.068054,722.599976,0.000899999985,8.43614858e-37
544,1297037104999564800,-92.3488388,-17.8351288,836.200012,0.000899999985,8.43614858e-37
545,1297037104999567104,64.3919144,-76.6877365,836.200012,0.000899999985,8.43614858e-37
546,1297037104999568128,49.2760773,87.5597382,837.400024,0.000899999985,8.43614858e-37
547,1297037104999568384,12.7663431,89.6288376,836.200012,0.000899999985,8.43614858e-37
548,1297037104999568896,-19.1117592,99.2410126,836.200012,0.000899999985,8.43614858e-37
549,1297037104999569664,134.098709,5.09516668,843.799988,0.000899999985,8.43614858e-37
550,1297037104999569664,133.365479,4.14960098,843.799988,0.000899999985,8.43614858e-37
551,1297037104999572736,124.871689,36.0394363,843.799988,0.000899999985,8.43614858e-37
552,1297037104999573504,-95.587532,-87.2165451,843.799988,0.000899999985,8.43614858e-37
553,1297037104999574016,-69.7574081,-108.188293,843.799988,0.000899999985,8.43614858e-37
554,1297037104999574528,-13.5749664,-140.176804,843.799988,0.000899999985,8.43614858e-37
555,1297037104999574784,-13.544776,-139.953232,842.599976,0.000899999985,8.43614858e-37
556,1297037104999575296,38.394455,-112.5019,842.599976,0.000899999985,8.43614858e-37
557,1297037104999575296,34.8152885,-116.369743,842.599976,0.000899999985,8.43614858e-37
558,1297037104999575808,84.9565506,-127.436928,843.799988,0.000899999985,8.43614858e-37
559,1297037104999577344,105.344658,82.8175888,843.799988,0.000899999985,8.43614858e-37
560,1297037104999578112,48.8646927,135.815521,842.599976,0.000899999985,8.43614858e-37
561,1297037104999578624,-1.90065694,131.45192,842.599976,0.000899999985,8.43614858e-37
562,1297037242438518272,-106.846184,-20.2392921,976.200012,0.000899999985,8.43614858e-37
563,1297037242438521856,14.8035297,105.065277,976.200012,0.000899999985,8.43614858e-37
564,1297037242438523136,156.00351,5.78961325,983.799988,0.000899999985,8.43614858e-37
565,1297037242438523136,156.007919,4.74402618,983.799988,0.000899999985,8.43614858e-37
566,1297037242438523648,-22.5094261,116.484276,983.799988,0.000899999985,8.43614858e-37
567,1297037242438525952,-107.531021,-20.3263187,982.599976,0.000899999985,8.43614858e-37
568,1297037242438526208,146.001328,42.0088043,983.799988,0.000899999985,8.43614858e-37
569,1297037242438526976,-112.378319,-102.107658,983.799988,0.000899999985,8.43614858e-37
570,1297037242438527488,-81.0698013,-125.427315,983.799988,0.000899999985,8.43614858e-37
571,1297037242438528000,-15.6303473,-163.833344,983.799988,0.000899999985,8.43614858e-37
572,1297037242438528256,-15.5988636,-163.641449,982.599976,0.000899999985,8.43614858e-37
573,1297037242438528768,44.7535172,-130.793335,982.599976,0.000899999985,8.43614858e-37
574,1297037242438528768,39.9321594,-135.963058,982.599976,0.000899999985,8.43614858e-37
575,1297037242438529536,75.9927902,-90.6989441,982.599976,0.000899999985,8.43614858e-37
576,1297037242438530816,126.118286,99.2828445,983.799988,0.000899999985,8.43614858e-37
577,1297037242438531328,57.9134026,102.689575,983.799988,0.000899999985,8.43614858e-37
578,1297037242438531584,57.2311821,158.388565,982.599976,0.000899999985,8.43614858e-37
579,1297037242438531840,14.8910255,105.873131,983.799988,0.000899999985,8.43614858e-37
580,1297037242438532096,-1.83829653,155.219315,982.599976,0.000899999985,8.43614858e-37
